trial,run,started_at,stage,decision,status,score,reported_score,record_high,commit,public_source_commit,diff_sha256
1,20261008T145000Z-environment-recovery,20261008T145000Z,environment-recovery,not_applicable,preparation_failed,,,False,8f6afdc3603f0c661368de4659a7240862f59623,,
2,20261008T145743Z-bench-provision,20261008T145743Z,bench-provision,not_applicable,preparation_failed,,,False,,,
3,20261008T150100Z-app-rebuild,20261008T150100Z,app-rebuild,not_applicable,preparation_failed,,,False,,,
4,20261008T150727Z-deploy-metadata,20261008T150727Z,deploy-metadata,not_applicable,preparation_failed,,,False,,,
5,20261008T150824Z-baseline-1,20261008T150824Z,baseline-1,baseline,aborted,,,False,25f201e09c29d73027ff6351f7e75b5cb2ffe25e,,e3b0c44298fc1c149afbf4c8996fb92427ae41e4649b934ca495991b7852b855
6,20261008T150930Z-baseline-1,20261008T150930Z,baseline-1,excluded_baseline,passed,9479,9479,True,45c71010c1639fec2221d97b7d3009222dcc66da,,e3b0c44298fc1c149afbf4c8996fb92427ae41e4649b934ca495991b7852b855
7,20261008T151141Z-baseline-2,20261008T151141Z,baseline-2,baseline,failed,,0,False,45c71010c1639fec2221d97b7d3009222dcc66da,,e3b0c44298fc1c149afbf4c8996fb92427ae41e4649b934ca495991b7852b855
8,20261008T151558Z-baseline-stable-1,20261008T151558Z,baseline-stable-1,baseline,passed,9415,9415,False,45c71010c1639fec2221d97b7d3009222dcc66da,,e3b0c44298fc1c149afbf4c8996fb92427ae41e4649b934ca495991b7852b855
9,20261008T151824Z-baseline-stable-2,20261008T151824Z,baseline-stable-2,baseline,passed,7595,7595,False,45c71010c1639fec2221d97b7d3009222dcc66da,,e3b0c44298fc1c149afbf4c8996fb92427ae41e4649b934ca495991b7852b855
10,20261008T152012Z-baseline-stable-3,20261008T152012Z,baseline-stable-3,baseline,passed,6696,6696,False,45c71010c1639fec2221d97b7d3009222dcc66da,,e3b0c44298fc1c149afbf4c8996fb92427ae41e4649b934ca495991b7852b855
11,20261008T152256Z-stats-batch,20261008T152256Z,stats-batch,incorporated,passed,8454,8454,False,0ba61c150e207ae85a83c273279e41338d8b3b90,,afa7b3dcdf5cc512065d6be5b8830457517761360bc2d65ffec14361461e3c6b
12,20261008T152506Z-dns-index,20261008T152506Z,dns-index,incorporated,passed,7102,7102,False,df6933a310d201deae3bda89c83761bd562465c5,,e3b0c44298fc1c149afbf4c8996fb92427ae41e4649b934ca495991b7852b855
13,20261008T152924Z-moderation-batch-profile,20261008T152924Z,moderation-batch-profile,diagnostic,passed,3583,3583,False,4f5b2279d23ea9a3d5342514c2a59b8b28fac2da,,daa2b68ce3629e0bd8b7ec7a5ee3708f1133cf793dd9acb7ed2f91320febee40
14,20261008T153343Z-relational-indexes,20261008T153343Z,relational-indexes,not_adopted,passed,16541,16541,True,f640bfe7d4f600e5588927adc06dcb0059184b27,,c3428eb2c81b505f86c0015d1c151957538c0285a79910e692e0a67dbc5d8fbd
15,20261008T153909Z-indexed-write-consistency,20261008T153909Z,indexed-write-consistency,adopted,passed,15589,15589,False,f640bfe7d4f600e5588927adc06dcb0059184b27,,b135fd37da953b995db8b8029b4051d9756688f20d4df573cf47a49b74e1a636
16,20261008T154640Z-icon-metadata-conditional,20261008T154640Z,icon-metadata-conditional,not_adopted,passed,11501,11501,False,d84c6ff1adf732e908eedc293cc9910549d25ac2,,0052160520d9227d0699d36085503f702d17d9a14568302eb716f094f2b56db8
17,20261008T155952Z-accepted-db-profile,20261008T155952Z,accepted-db-profile,diagnostic,passed,11231,11231,False,e3a772c43f5f387c1c0161e98ea6ee7cb8739468,,e3b0c44298fc1c149afbf4c8996fb92427ae41e4649b934ca495991b7852b855
18,20261008T161231Z-response-batch,20261008T161231Z,response-batch,adopted,passed,32448,32448,True,e3a772c43f5f387c1c0161e98ea6ee7cb8739468,,9b3a92d3bfed480436676c5b46d824ea0831c822aef0f840b515965f7bf7f1dd
19,20261008T161506Z-sql-interpolation,20261008T161506Z,sql-interpolation,incorporated,passed,35561,35561,True,833bcbe9a199b560b3c3080d73d317beb0bb8175,,3934d4851b522ec1f115c070d333f4775ffb08ba8f62eca1123fe07f89857a76
20,20261008T161711Z-response-batch-icon-metadata,20261008T161711Z,response-batch-icon-metadata,adopted,passed,48361,48361,True,833bcbe9a199b560b3c3080d73d317beb0bb8175,,128100d2e9d57abe103b8b3dcde9feeac36a992de389cc50c18bd37916cc4228
21,20261008T161902Z-batched-icons-profile,20261008T161902Z,batched-icons-profile,diagnostic,passed,22641,22641,False,bae7069ed94fddd610de947ef0d2ff4340879c70,,e3b0c44298fc1c149afbf4c8996fb92427ae41e4649b934ca495991b7852b855
22,20261008T162307Z-dns-cache,20261008T162307Z,dns-cache,not_adopted,passed,49885,49885,True,bae7069ed94fddd610de947ef0d2ff4340879c70,,f7b8222bd80d8431b54e2b77faa662a1e33a4ba55fcecda9cb090a200e1d4325
23,20261008T162541Z-db-pool-32,20261008T162541Z,db-pool-32,not_adopted,passed,52612,52612,True,3b2f882e1491ae2afd5411a0ddd8920784c9a9c7,,283ef73c7ce90c2f36ef40f4809d516f6f380c5f354ec6276e591762f6ca57c4
24,20261008T162753Z-icon-hash-cache-compact-json,20261008T162753Z,icon-hash-cache-compact-json,adopted,passed,87349,87349,True,ab682bacfdd5a85413744c73b7520e4d9e7f654b,,2476e7a8276be55094af4d90fa9d080c4ef1da0342d7ffd1d7c178f5eb5e6563
25,20261008T163203Z-immutable-user-metadata-cache,20261008T163203Z,immutable-user-metadata-cache,incorporated,passed,95822,95822,True,8008cd6bb99be411f648a1e13d4bc4c8ccdb992c,,3e4bd05bde5bd4b1af78268a72128b25e122d3ed5ffbcf99fb1e51f48eb887d8
26,20261008T163503Z-reservation-range-pool-reuse,20261008T163503Z,reservation-range-pool-reuse,incorporated,passed,106506,106506,True,8008cd6bb99be411f648a1e13d4bc4c8ccdb992c,,0a5bdbac2eb5a61efa556e484979895438581adb65298d39073c4a4aef97958d
27,20261008T163725Z-metadata-reservation-profile,20261008T163725Z,metadata-reservation-profile,diagnostic,passed,117285,117285,True,8008cd6bb99be411f648a1e13d4bc4c8ccdb992c,,0a5bdbac2eb5a61efa556e484979895438581adb65298d39073c4a4aef97958d
28,20261008T164333Z-durable-write-batch-build,20261008T164333Z,durable-write-batch-build,not_applicable,preparation_failed,,,False,412fafbd4dd314966351a035176f0aa677e250fc,,52f38d308a6cbc492b3a08d86892666239ce42d2625a8bc426e3ef09736a777c
29,20261008T164434Z-durable-write-batch,20261008T164434Z,durable-write-batch,not_adopted,passed,96404,96404,False,412fafbd4dd314966351a035176f0aa677e250fc,,e703f8bb9f29de02e3ccb87ac1323974780c2f67457eac1a05bc72b62573673f
30,20261008T164809Z-durable-write-batch-two-workers,20261008T164809Z,durable-write-batch-two-workers,not_adopted,passed,107746,107746,False,412fafbd4dd314966351a035176f0aa677e250fc,,ccbe6cf9c274d66c40001fb143b0bac6a7c4c0df90e3bab707c05ac588317236
31,20261008T165048Z-nginx-upstream-keepalive,20261008T165048Z,nginx-upstream-keepalive,incorporated,passed,112272,112272,False,2a95b15d828a1095b4cd3fa23dd1b0696ce69a90,,a71952f30736d63b8a8f8a84bc0e6fc89712cec40c60b17420811e12590477d7
32,20261008T170125Z-dns-bind-durable,20261008T170125Z,dns-bind-durable,not_adopted,passed,108205,108205,False,2a95b15d828a1095b4cd3fa23dd1b0696ce69a90,,00a3e44a9fd9a7651cfdef845100a48c865a0786ddeaab766291ab5d46ce47cb
33,20261008T170308Z-restored-metadata-commit-profile,20261008T170308Z,restored-metadata-commit-profile,diagnostic,passed,117596,117596,True,799123b630ecf870263487c7f723e97dd0ae5de5,,588e81a196e6da15e9623ab433d1c7de95a9873fa5ebc7c0ab32a3cb9c3c1ea0
34,20261008T170520Z-mysql-unix-socket,20261008T170520Z,mysql-unix-socket,not_adopted,failed,,0,False,799123b630ecf870263487c7f723e97dd0ae5de5,,5c5b195388fa40d3685a8c9740eb918270ce42f9582b954f73407cd84e1f5795
35,20261008T170603Z-mysql-unix-complete-init,20261008T170603Z,mysql-unix-complete-init,incorporated,passed,116725,116725,False,799123b630ecf870263487c7f723e97dd0ae5de5,,e5bacec4e8bdaa5c5e61337693e8eb21ec1be41c98c7af006bae2f2117d0ad3b
36,20261008T170741Z-durable-redo-without-binlog,20261008T170741Z,durable-redo-without-binlog,adopted,passed,133004,133004,True,799123b630ecf870263487c7f723e97dd0ae5de5,,40d670d6471adf23b3a9a2bcfd162ade3c8720a997408a7bede755055c2f2e20
37,20261008T170928Z-adopted-final-profile,20261008T170928Z,adopted-final-profile,diagnostic,passed,143121,143121,True,93afca46e02325cb1c9c2acea31666cf01b70c83,,e3b0c44298fc1c149afbf4c8996fb92427ae41e4649b934ca495991b7852b855
38,20261008T171153Z-redo-every-second,20261008T171153Z,redo-every-second,incorporated,passed,163699,163699,True,93afca46e02325cb1c9c2acea31666cf01b70c83,,c052197edfdd98adf4e52b95f6980adc4e7ddd0426fb4b0b0c4afe5dda909662
39,20261008T210721Z-quiet-logs-config-duplicate,20261008T210721Z,quiet-logs-config-duplicate,not_adopted,preparation_failed,,,False,93afca46e02325cb1c9c2acea31666cf01b70c83,,
40,20261008T210723Z-quiet-logs-buffered-timing,20261008T210723Z,quiet-logs-buffered-timing,adopted,passed,195726,195726,True,93afca46e02325cb1c9c2acea31666cf01b70c83,,c4bcab70491713241d0af3f9971032cd72f4de83f2a6be04132879d9450e5400
41,20261008T211804Z-memory-dns-negative-rrl,20261008T211804Z,memory-dns-negative-rrl,incorporated,passed,224359,224359,True,d238099f1518f7f0c813f682733e4ff82e119ffd,a4ab49d2884310997839630bebd2b64e44131ff6,d9d1019c439346ba7d3cb636be96ab607e39572a5b6fd64f5e99a971acf95095
42,20261008T212146Z-memory-dns-final-profile,20261008T212146Z,memory-dns-final-profile,diagnostic,passed,220261,220261,False,d238099f1518f7f0c813f682733e4ff82e119ffd,a4ab49d2884310997839630bebd2b64e44131ff6,2617d8844f3067a5f53aaa11bb464ac8eb26d538515c2f2e20d9d8a026f519ee
43,20261008T212904Z-final-after-reboot,20261008T212904Z,final-after-reboot,adopted,passed,225280,225280,True,d238099f1518f7f0c813f682733e4ff82e119ffd,a4ab49d2884310997839630bebd2b64e44131ff6,2617d8844f3067a5f53aaa11bb464ac8eb26d538515c2f2e20d9d8a026f519ee
44,20261008T214549Z-concurrent-dns-registration,20261008T214549Z,concurrent-dns-registration,not_adopted,passed,212786,212786,False,7bd08d8dc9bfda49830c3c7bb0ae1e8fc030195c,,395d1c981569d43afe97cf2cb787f3c94513680aa2db9516a017db0bd9cdaf1b
